{"cameraMode":{"drawMode":0,"name":"Shaded","section":"Shading Mode"},"sceneLighting":true,"audioPlay":false,"sceneViewState":{"showFog":true,"showMaterialUpdate":false,"showSkybox":true,"showFlares":true,"showImageEffects":true,"showParticleSystems":true},"in2DMode":false,"pivot":{"x":0.2737553119659424,"y":0.11677300930023194,"z":-0.2551470994949341},"rotation":{"x":0.08810094743967056,"y":0.8992893099784851,"z":-0.2132290005683899,"w":0.3715513348579407},"size":3.6073946952819826,"orthographic":false}